jonatan1987@lind.org,Isabelly Silveira,4602025547
rosamond1927@walsh.biz,Ana Vitória Pimenta Neto,645.409.5385
angie1960@predovic.net,Srta. Luiza Conceição,4284474023
phoebe1957@haag.name,Kléber Marins,247-816-9658
elliot_treutel@nicolas.net,Sra. Ana Vitória Reis Neto,335-649-4201
dustin2026@buckridge.com,Marcelo Godinho,619/792-1972
nikki1900@berge.com,Márcia Silva,579.529.6975
tracy.cormier@russel.com,Isabelly Santos Neto,863-517-1244
jennie1994@lubowitz.org,Dra. Roberta Solimões Filho,987.304.8314
franz.hansen@blanda.name,Maria Clara do Prado,9505661391
eileen.funk@prosacco.info,Heloísa Ribas,245/744-5812
savanna2031@little.org,Aline Velasques,485-982-0714
zena_stokes@kessler.name,Luiz Gustavo Silva,938.579.4526
verla2089@heaney.name,Sr. César Bonfim,(907) 874-7453
kathryne.weissnat@rolfson.net,Hugo Junqueira,903/427-4422
lowell.bins@treutel.info,Bruno Barroso,7834360587
ally_pagac@wolf.org,Sr. Vitória Ximenes Jr.,808.834.6031
alessia2095@stamm.net,Mariana Cerqueira,8754454989
kayla_dubuque@stoltenberg.net,Dra. Paulo Dias,271/831-0801
clotilde_lockman@bruen.com,Norberto Cachoeira,(771) 407-7943
alfonso1931@rowe.com,Dr. Carlos Eduardo Ribeiro Neto,3234216915
annetta2099@wuckert.biz,Manuela Vidal,(981) 361-5352
earline1931@lowe.name,Erick Galvão,(346) 678-3100
judy.hartmann@metz.biz,Beatriz Espinheira Filho,981/956-5001
norma2025@heller.biz,Dra. Ana Vitória Paiva Filho,(415) 571-6450
deonte1928@hermiston.org,Ayla Lobos,(976) 549-1454
elva2096@anderson.info,Tertuliano do Prado,(684) 717-4228
merle.heathcote@waelchi.net,Maria Valentina Jesus,475-975-0754
anthony.hammes@sawayn.com,Fabrício Paiva,(247) 854-7717
florence1954@dubuque.biz,Maria Valentina Soares,(313) 802-4318
norbert2058@baumbach.info,Eloah Viana,(758) 622-8967
francisco1975@rohan.com,Janaína Carreira,989-923-7958
dasia2088@tremblay.org,Srta. Arthur Henrique Dias,555/505-8772
harold_auer@bahringer.org,Pietro Banheira,852.818.6740
sandrine_erdman@goodwin.net,Dr. Mariana Rêgo,854/368-7341
reanna1963@grimes.net,Marli Munhoz,318.825.1653
enoch_mcclure@schultz.net,Sra. Lívia de Assunção Neto,534-235-5765
theron2016@dickinson.info,Luiz Henrique da Rosa Jr.,901-764-8614
jackie1912@kilback.com,Enzo Gabriel Novaes Filho,688.426.6835
fabiola1938@prosacco.info,Antonia Ferraço,776-481-8635
ivory_king@walker.com,Srta. Clarice Filgueira Jr.,902-533-1553
clair1916@larkin.name,Tertuliano Vasques,582-462-9304
lila2039@mayer.org,Yago Duarte,7098247544
gilberto2023@feest.net,Sra. Bernardo Ouriques Jr.,716.991.5727
chet1914@morissette.com,Davi Lucca Reis Jr.,6755849401
noemie1976@bergnaum.biz,Sra. Vitor Hugo Nunes,7805068379
viva_feil@conn.biz,Nicolas Limeira,954-534-4844
deshawn1991@kautzer.org,Mariana Ramalho,286-522-6835
candelario2049@dickinson.name,Lívia da Conceição,469.819.1207
greg1990@hirthe.com,Vinicius Moreno,(350) 692-2810
dallas.nolan@kuphal.com,Francisca da Silveira,935/935-1325
joanne_hilpert@buckridge.com,Carolina Dantas,582/231-3939
veda1919@predovic.info,Srta. Thiago Pires Jr.,705.712.1103
elaina.hoeger@rogahn.name,Ladislau Ambrósio,922.361.8409
alejandra_mayer@rath.com,Salvador Vieira Neto,923.676.5161
liana2042@crooks.name,Isabela da Penha,924/219-4463
ford.stiedemann@cronin.biz,Pedro Miguel Siqueiro Neto,(236) 268-0882
claudine1983@jast.name,Stella Fontinhas,2422958258
julien2085@weber.biz,Anthony Geraldes,(616) 546-2374
lexus.runte@johnson.biz,Lucas Gabriel Oliveira,834-522-8194
catalina1903@price.info,Hugo Junqueira,(603) 597-1880
willow.hirthe@bruen.com,Fernando Galego,462/513-2742
emerson1906@sanford.com,Alexandre dos Reis,838-584-4238
juwan.renner@watsica.com,Sra. Luiz Otávio Domingues,(477) 581-9567
roberta2013@bogan.org,Talita Almada,368.458.2833
clemmie1995@hirthe.net,Srta. Suélen da Terra,(735) 691-7846
laurie1986@collier.biz,Francisca Pinto,233-498-6197
emmanuelle_cole@bergstrom.biz,Davi Lucas Monteira,5527019183
maynard2036@dibbert.com,Maria Alice Regueira,423/589-9045
rachael_lowe@davis.biz,Víctor Marcondes,212/746-8065
rossie2072@torp.info,Davi Luiz Gabeira Filho,228/347-1199
ivy1919@boehm.info,Alice Modesto,301.373.4911
aurelio.blick@bashirian.com,Emanuel Geraldes,(379) 518-8904
roy_hansen@rath.name,Mirella da Fronteira,(827) 922-2272
bud.grady@stoltenberg.info,Aurora da Silveira,(456) 594-9657
norris_graham@wintheiser.org,Srta. Alexandre Marques,5423843041
fern_carter@kuvalis.info,Pedro Henrique Menendes,8063559683
magnolia_ernser@pagac.name,Rebeca da Cruz,528.662.4328
juliana_jacobson@moen.net,Davi Henriques Jr.,(473) 685-7674
randal1915@sawayn.net,Nicolas da Rosa,832.222.6009
beatrice.franecki@emmerich.net,Rodrigo Castelo,415-426-4038
allan2021@olson.net,Bento Laranjeira,(860) 908-7882
kallie_rice@hudson.biz,Ana Beatriz Morais,306.557.0621
betty2059@goldner.biz,Maria Laura Farias,(935) 385-8030
vickie.davis@herman.info,Víctor da Rosa,608/623-3131
flavie2063@dicki.net,Benjamin Duarte,236/374-8964
janae_ondricka@okeefe.info,Srta. Pedro Miguel Quarteira,(240) 469-0218
berneice1967@macejkovic.info,Milena Siqueira,827-967-4709
claudia_ratke@wilderman.info,Benício Hermingues,(239) 416-5564
hattie2054@brown.org,Dr. Letícia da Veiga,(951) 323-1108
rafaela2094@klocko.com,Heitor Fontinhas,977/689-2429
cristobal.bernhard@dubuque.com,Félix Esteves,555/996-8254
rico.green@goyette.org,Isabella da Barranca,644.603.2837
jameson2084@skiles.org,Salvador Corrêa Jr.,523/572-2348
arnaldo.fisher@koepp.name,Lorraine Diegues Neto,439/796-9497
sidney_klein@reynolds.name,Djalma Neves,735.467.7195
annetta.welch@haag.name,Guilherme Meireles,2068866217
waldo2015@wiza.info,André Almeida Filho,(875) 236-6333
sadye_fisher@gottlieb.net,Kléber Fernandes,(834) 628-8249
camron.rippin@davis.biz,Sara Esteves Filho,(488) 348-3705
cesar_casper@spencer.com,Maria Eduarda Coqueiro,7184257555
frederik1927@morissette.net,Mariah Martins,451/954-5346
noelia.rempel@emmerich.biz,Emanuelly Corte Neto,(731) 576-7336
brionna2019@erdman.com,Ofélia Laranjeira,(341) 228-9811
janice2019@roberts.org,Maria do Prado Filho,938-689-9053
filomena.heathcote@huel.info,Paulo Galego,8403739841
johanna.simonis@hermann.org,Davi Lucca Guterres,5786359736
norval.kuhlman@ruecker.org,Pedro Miguel Saraiva,816-266-3064
talia_nitzsche@batz.biz,Henry Galego,7233733172
wendell1999@schuster.com,Dra. Salvador Ramalho,9154938427
rene_schumm@runte.org,Bianca Pedroso,830/877-4294
ena_jacobson@littel.com,Marli Carneiro,621/404-7031
jerrell.schoen@gutkowski.org,Mathias Figueira,(567) 974-0733
laurie.conroy@bradtke.org,Ana Clara Dias,383/652-8051
kirk1963@larson.biz,Isabelly Farias,(956) 877-8306
derrick2090@torphy.com,Patricia Fernandes Filho,954/432-2996
charlene_prohaska@okuneva.info,Davi Lucca Carvalheira,268-888-4305
heber1906@paucek.com,Pedro Henrique Arantes,4856655839
adrianna_strosin@dare.org,Tertuliano Louzada,631.749.2521
blaze1927@lang.net,Dra. Antônio Soeira Filho,903.952.0735
buford2017@veum.name,Núbia Passarinho,3214545529
edd_kreiger@ryan.net,Sr. Aline da Penha,(902) 271-9374
marielle1960@terry.org,João Gabriel Limeira,904-331-7491
jacklyn_weimann@wintheiser.info,Sra. Alessandra Teles Neto,853-499-5220
pietro2055@haley.org,Dr. Alessandra Jesus Jr.,(676) 439-1516
emanuel2025@koepp.biz,Luiz Bernardes,907-613-7357
rebeka_erdman@balistreri.org,Antonella Saraiva Neto,876/426-9019
sibyl.dubuque@botsford.info,Pedro Miguel da Mota,459/476-3013
jordan_ziemann@fisher.name,Luiz Gustavo Galego,240-541-0241
raegan_vandervort@farrell.net,Gustavo da Gama,457/632-9161
lura2076@jakubowski.biz,Maria Fernanda Sais Neto,(941) 543-7207
freida_gleichner@daugherty.org,Mathias Marins,(980) 206-1528
oren.connelly@deckow.org,Eduardo Almada,758/281-5176
helga1923@kertzmann.net,Pedro Lucas Lessa,915.324.2338
casandra1931@pacocha.net,Danilo Resende,(868) 836-1853
winfield.reynolds@toy.info,Vinicius Figueira Neto,920.905.7560
wilfred1940@bernhard.net,Dr. Vicente Bouças Neto,953.406.7465
elian.schneider@rowe.info,Eduardo Reis,(734) 389-4618
kole1960@crona.net,Manuela Moniz,989/476-0295
gregorio1947@koch.org,Maria Sophia Monteira Filho,(536) 358-6324
yvette2080@gaylord.org,Samuel Munhoz,233/961-6157
burnice2033@bergstrom.com,Pietra Ramos,710-656-8915
aliza.armstrong@mayert.biz,Sr. Júlia Munhoz,488-701-0708
esperanza1973@hintz.biz,Sr. Patricia Xavier,856/249-6759
gus1944@corkery.com,Calebe Ferreira,682.586.1033
luis_silva@gamil.com,luis da silva,11111111
